<?xml version="1.0" encoding="UTF-8"?>
<!DOCTYPE mapper PUBLIC "-//mybatis.org//DTD Mapper 3.0//EN"
        "http://mybatis.org/dtd/mybatis-3-mapper.dtd">
<mapper namespace="Member">
    <insert id="save" parameterType="member">
        insert into member_table(memberEmail, memberPassword, memberName, memberAge, memberMobile)
        values (#{memberEmail}, #{memberPassword}, #{memberName}, #{memberAge}, #{memberMobile})
    </insert>
    
     <select id="login" parameterType="member" resultType="member">
        select * from member_table where memberEmail=#{memberEmail} and memberPassword=#{memberPassword}
    </select>
    
    <select id="findAll" resultType="member">
        select * from member_table
    </select>
    
    <select id="findById" parameterType="Long" resultType="member">
        select * from member_table where id=#{id}
    </select>
    
</mapper>